,,,,,,,,,,,,,,,,,,,,,,
,WebXR ,Model 1,sony,,,,,,,,,,,,,,,,,,,avg
,,1.521834789,3.916148559,10.51203855,10.25155824,21.26656512,20.51646983,9.080812481,29.04847391,11.03185146,13.75869489,5.757548714,11.23609886,17.17951988,7.772907336,5.76860737,7.233337349,11.33149084,9.321697454,12.16614962,10.15542405,11.44
,,12.26180664,2.626373921,6.589179033,9.257552803,5.109851718,12.14699884,6.342210602,8.810336073,6.045592812,8.80594806,17.03417264,25.9794236,16.51001441,18.44096068,26.39357585,6.328486644,11.29107001,20.78605704,13.43580757,9.063805083,12.16
,,7.345352195,32.03645924,10.15542405,6.370601335,22.55912094,11.2360418,7.09977295,10.06809101,8.972303021,7.896967565,9.254789667,13.56941349,18.31157,43.34729453,11.01901733,7.646122396,9.446138068,21.86227856,10.21300421,7.531445162,13.79
,,18.63893335,6.958306156,9.063805083,14.57140872,23.26800562,12.68672914,8.626133579,22.29205428,4.696702726,6.914338612,14.37121135,8.528412301,24.47675924,16.34889436,8.691941165,5.42086942,14.54034374,8.194588018,12.10224686,9.249908549,12.48
,,18.29275907,14.69079723,7.531445162,8.258574726,29.63018845,13.33702989,8.26859039,8.808385289,6.013871719,9.535615972,11.41443803,4.676875157,16.84030926,16.9761522,8.707608831,5.128725828,14.21758432,18.61113461,9.360157443,7.973726394,15.9
,,17.01141433,7.836781527,9.249908549,5.608368353,8.269868423,9.469245583,8.426032813,31.09342467,7.967653239,9.000125621,10.90514647,5.230993573,22.29347345,14.3673314,19.38501554,16.39973396,15.25147347,4.571559577,15.12052228,6.601980175,12.2
,,14.48651122,8.030499437,7.973726394,5.491491427,7.632411442,8.128832795,9.924802302,10.67502714,15.63244495,11.21376813,9.533378081,8.8152874,16.82955309,13.78298738,10.58391151,15.30595218,16.03283809,13.92395987,15.83657531,8.008216519,11.39
,,14.60412082,7.930883098,6.601980175,5.948896254,4.37837301,8.114676272,10.61351737,10.06774205,21.18729186,12.5724461,12.12153545,23.50660836,18.55385101,11.83641213,17.91008961,13.94439321,20.86118241,17.83112666,19.07153389,10.70648922,13.41
,,12.55046265,11.09095562,8.008216519,5.216062853,6.374267365,13.55293424,8.022661133,11.95700847,42.50622557,9.593563842,9.264972494,12.35209651,15.47836063,11.23414783,12.21752641,12.67939189,15.8123198,12.20630117,15.96421118,9.618270691,12.78
,,12.51548119,10.18798592,10.70648922,5.721421762,5.723050134,9.993742995,10.41741298,15.05946568,15.77682475,6.977363238,9.304404552,12.78535959,15.5281397,12.61305389,14.5580344,11.64636516,11.24469218,11.55035597,12.76825302,10.36046093,11.27
,,9.511917404,16.06265202,9.618270691,5.708499644,7.659078696,10.68317642,11.60018041,10.06290979,12.91233723,6.954835494,7.989375223,11.46132464,14.60916314,13.21017696,10.21512939,14.13371957,10.11685523,29.80347399,12.56313468,7.712003011,11.62
,,13.69867434,16.351777,10.36046093,6.339967756,9.62023793,10.45460845,16.35743391,13.32107377,11.02915273,7.689781929,8.08140827,7.600038807,17.87664631,11.80446745,10.75015151,12.04138186,14.03563029,16.66798436,11.5258654,8.400937308,11.7
,,11.32372612,9.206173176,7.712003011,5.541219488,7.642117247,9.147452427,7.441472384,8.817991366,8.981740939,12.89921183,10.78157064,6.603054424,20.81134998,12.37719296,8.943616199,10.32751322,8.738032583,9.366912066,10.54157409,9.886363866,10.9
,,15.18115919,9.185265716,8.400937308,12.68094025,11.18169729,11.7316451,7.465505332,10.07252907,12.22474078,9.681286061,9.233235134,8.608397155,16.835933,16.61602178,9.76336791,10.81837976,9.491892542,40.357947,10.21733689,7.164132107,12.32
,,13.27935165,6.774595194,9.886363866,4.462423859,7.258758672,11.02417282,7.321010503,10.74785955,17.13895955,5.707087482,8.772813146,16.52393209,22.76157013,10.08990153,8.289457105,10.19227192,12.00479047,24.84948292,12.56736688,9.593311932,11.46
,,11.05037934,13.80666797,5.164132107,11.26800812,8.476651108,9.400231223,9.561671082,12.58195938,12.44208783,10.11832571,8.774138843,37.42887679,19.1923578,10.49191434,9.610768345,9.55568828,11.3195756,26.86649822,10.85199171,9.635313099,18.9
,,9.984168942,14.98214356,9.593311932,14.01561079,10.94400366,8.851606398,10.41033209,10.89622952,11.69662418,12.12843357,8.341428198,13.89375732,21.78960267,11.69859334,10.63378518,12.60594601,13.58682616,11.55497072,15.23104853,7.772018604,12
,,13.34969892,8.555873792,9.635313099,14.39452626,10.09763656,10.97626072,7.638551135,16.28194459,27.03694953,8.795111323,7.40483479,8.104341014,15.04608798,11.02098175,13.66390843,9.301479592,17.05602329,5.487657238,17.725586,8.685064827,12.01
,,7.988880894,19.81745902,7.772018604,20.66315181,9.526585537,9.021414745,8.878268115,10.06886828,11.85342814,9.066194766,9.112613093,10.35722607,17.82333393,9.243757253,14.00117226,9.791877633,11.31746102,12.32050387,17.54497349,7.398591699,11.67
,,10.65192694,7.906126746,8.685064827,14.59056421,8.673167759,8.726001959,10.32129476,11.00682809,9.504151682,5.675757807,15.0242547,10.07826649,24.07916227,8.551389353,14.57057524,9.46884358,10.71690747,9.71840363,16.77957175,8.399463369,12.92
,,21.50175655,10.94635619,7.398591699,18.06564197,7.91284896,10.20597894,8.628399524,10.09774778,11.90921434,6.341595595,9.765056448,9.942845572,29.84434692,15.03417871,25.34762972,12.12236616,14.34745254,11.76480581,14.03603155,12.60594601,13.39
,,10.51864171,14.57919042,8.399463369,13.72130458,13.70169927,9.756819605,11.0515895,10.0367342,11.27694669,8.221379491,9.153842718,10.56763552,19.76375423,12.10698681,15.18075188,10.19277984,13.40644428,17.2247585,14.76275303,9.301479592,12.14
,,17.58388938,11.18104508,7.17492416,12.01054488,9.473604161,10.5060258,11.27990576,15.45173758,10.97817935,9.097311414,11.44567381,6.496385532,18.38487472,14.37670273,12.74529686,10.82940277,8.859792352,6.540961152,10.18809813,9.791877633,13.21
,,11.98180336,11.83682262,6.653516075,9.497260887,11.09722378,7.145600664,20.17489185,11.26651478,13.54797816,8.304625428,8.760328023,10.58272711,20.18084083,14.02918109,14.16294028,11.33601488,11.93885373,7.558460517,12.70305263,9.46884358,11.61
,,14.74850294,10.6213758,7.200438592,12.69708216,10.73315176,13.07704593,9.537468734,12.12607491,11.57826157,4.809073817,10.13840128,9.496536266,18.20321274,9.261914435,14.70782227,12.72160523,10.06498464,6.638140282,12.78577123,12.12236616,11.16
,,17.76469062,9.946962906,5.339893415,10.28637419,9.321620232,5.896133821,12.31561191,8.186430836,11.18716791,6.284962696,7.554470917,14.78854346,16.66856505,10.98680351,13.69237881,10.42294749,13.36351468,5.724662544,13.44380036,10.19277984,10.6
,,9.533605995,9.829167289,6.134346277,14.07835489,6.77749259,9.920384231,12.86272436,11.32640488,11.18552157,10.81243204,8.738857954,11.49210928,20.72196798,15.32861283,11.47617389,11.96221554,11.31751969,6.25762486,10.21444283,10.82940277,11
,,9.413480673,5.715447228,7.218539036,12.07854252,7.371209289,7.158486489,14.72462463,10.70441171,11.85981179,5.103415655,5.431960057,14.48715082,15.17709647,16.6485384,11.12989687,12.03357622,11.95353251,5.154648005,12.14059684,11.33601488,15.4
,,11.92842768,8.804140072,6.461538401,20.04728449,7.216583965,11.80742936,11.23149274,10.12378339,12.93637533,6.96661739,10.09631612,9.985972216,18.27320556,11.23904568,10.15105549,14.66675396,16.80035202,4.919764525,12.34198382,12.72160523,13.4
,,9.373890886,9.835660098,7.764233374,10.75773783,9.319488731,14.37617365,10.61824258,12.22764628,8.134972005,6.319738807,7.335629975,10.70900581,18.03502376,11.89484032,12.74293804,11.55637353,15.13948353,3.704756225,16.0151654,10.42294749,15.6
,,9.632586289,7.949570405,19.03327786,18.82042706,7.231745589,12.14290207,11.7166561,8.787950514,11.45211592,6.300886988,9.269036955,11.89220758,19.98793612,11.88113834,13.53712422,15.62707687,12.57826283,12.9620627,11.49542928,11.96221554,12.21
,,10.65707369,8.638316238,13.30194653,9.463550748,8.309385165,10.75514582,14.66409297,8.847532997,12.25386502,6.413448863,13.43468415,9.261899622,18.39180273,17.91808563,14.52784454,11.22877491,11.97362392,7.467568828,12.42953573,12.03357622,11.59
,,12.62397876,10.33514526,20.25527382,10.98425757,5.045957336,10.07602397,8.962277782,10.74493505,11.34862527,9.892488326,12.53443544,10.53954068,16.2693585,12.76198283,23.15713276,8.081882054,12.0817701,10.6680917,14.15173334,14.66675396,12.24
,,7.338958319,14.47575623,8.71260059,11.5698065,9.536135887,13.5256273,11.29767287,10.89842062,10.0328759,6.937175483,11.46072232,9.389830393,16.34096032,12.86683283,12.74855734,12.6095136,16.62197186,2.632105402,16.54167787,11.55637353,11.3
,,8.649234518,9.788201345,10.32491569,12.19117781,7.632129754,11.53077593,11.30182579,13.13924132,19.68261278,5.297277028,6.728139882,15.06374715,13.76598731,13.20976028,14.53563852,9.591291201,9.4278472,1.964869831,10.84948315,15.62707687,11.01
,,9.042971959,8.55536498,12.27663902,11.38975,3.833341796,14.23918779,11.23105525,10.68677583,12.96544116,8.241204582,10.78141024,8.377615535,20.56223257,13.87246571,21.71150487,11.4666749,10.73837477,5.188704691,14.1084762,11.22877491,11.52
,,9.860210528,7.115924299,7.746652216,11.38984978,12.07392611,11.29580845,9.115443147,9.48701481,10.99217629,10.15363841,7.406447533,12.70474088,17.16924979,8.629653606,14.49004897,11.44087513,10.03941734,2.487570588,11.46159023,7.081882054,12
,,6.657106524,9.213842092,6.734601622,9.969531097,10.73736826,10.18698648,10.06430887,10.0829062,10.89546592,7.696801283,14.00104407,9.928139259,16.27781801,22.55050516,11.47632326,8.29579419,10.06926558,8.371727748,10.85177257,21.11076517,11.21
,,9.106647204,9.872928311,6.403237961,6.882680544,10.66366159,8.671429059,15.31906674,8.756733702,16.54836842,8.126078497,10.19540501,10.82272136,15.63827592,12.54952788,12.09074699,10.45780827,11.92318592,6.478376672,12.13007011,11.60475371,13.3
,,7.972348646,7.185099724,10.33825779,10.16820092,8.96082399,9.896624829,13.897301,8.691037438,14.42092027,8.571284716,5.391192252,10.56175547,18.72183549,11.82354621,12.84628602,10.77238934,12.77656218,21.11076517,13.1532776,9.270018659,11.32
,,9.348964725,8.572106443,10.32110596,12.73212893,14.09146668,14.29737863,11.57573021,4.477320672,15.39873002,10.15917187,11.42318043,10.63513188,15.90732677,13.65158061,12.70659775,11.46672194,12.00453256,11.60475371,13.39020711,9.845971372,11.68
,,8.411357938,10.53998933,8.557812895,11.54716077,6.815902342,14.23681937,12.33687576,10.25194884,10.94829038,10.72870161,10.65803186,12.34962028,11.55360574,25.87526579,11.28454406,10.18745893,12.99881895,11.27001866,14.72285527,14.50212406,11.96
,,9.968037521,10.80717399,8.319531574,9.491592932,23.74555318,11.37623013,11.87120604,8.180921595,11.86751053,8.903664227,6.058550516,12.55943778,14.39215413,13.22135297,9.985119327,12.10496874,11.34786586,9.845971372,12.78222137,11.52420756,11.41
,,10.05798315,11.90324792,9.822699048,10.74962015,13.69573046,26.97755517,13.24483381,8.700501459,10.44045228,8.864905986,7.451925438,12.56806366,11.2817632,40.77810988,10.24823953,10.90160538,13.2037367,14.50212406,12.1093527,12.43978715,15.49
,,11.42041334,8.564508734,10.63514841,9.501318678,11.33171411,14.96045702,11.29186819,4.980321452,12.30325354,6.974597653,9.872540794,8.175952312,14.24326677,16.25060458,8.925926356,10.12952878,12.57739381,11.52420756,11.47556674,10.44754071,12.5
,,11.4039551,11.12737761,9.692110091,9.471074676,14.23942995,12.90219399,15.31942153,9.939996643,12.25895802,7.045499857,16.48824522,15.52969629,18.57737594,12.5517794,14.79552924,12.34913466,10.23377839,12.43978715,8.935749238,6.995444234,12.11
,,10.64909967,7.949303162,10.9610643,10.67743878,13.91183871,10.38667636,12.34510667,12.72038216,9.503887219,7.002961814,14.21577382,7.946207315,18.78992112,12.83671865,9.623752402,11.62974428,11.20350526,10.44754071,10.83871385,12.44092983,11.3
,,7.942964858,9.442619157,8.605083595,6.917758892,9.543623003,8.777824238,12.84057972,8.956608437,9.575080796,6.425027066,6.727159787,9.718919078,20.78686354,11.84505497,15.35973527,12.1076543,11.26656085,6.995444234,14.57313165,15.35973527,12.09
,,7.988662367,11.94633023,7.916948357,13.22046824,12.14900799,11.95981011,9.85437125,7.557699801,9.390573463,25.76749221,9.426431305,10.53991713,17.67097469,14.83156912,10.83852682,12.61903744,10.15691812,12.44092983,10.19592714,10.83852682,11.86
,,10.72066666,11.18872998,7.703255229,11.418554,8.407286492,7.367157834,9.624414198,12.44711856,12.98967662,10.84416375,27.93377091,10.14029659,16.01381215,11.89474753,12.1721241,10.82829009,12.1349136,10.96346099,13.13920517,12.1721241,12
,,9.336583716,11.85172426,11.21797603,8.223920278,10.59356115,14.10269711,14.45299372,6.298070543,12.32477031,9.512458744,16.52841271,11.64272356,18.23260569,11.89987644,11.5078501,9.569544942,12.9010951,11.49273819,12.650829,11.5078501,11.79
,,8.011797265,11.1009467,10.35294248,11.41457736,15.32147954,9.296495339,11.10288252,6.241102812,10.35134893,8.849041977,28.93712963,10.56831374,12.05851111,13.99049677,12.70725417,10.80757256,11.94619075,42.06796771,11.4901251,12.70725417,15.45
,,11.41132343,7.238098046,11.46225171,11.43292517,7.355643308,10.72540293,10.67200078,9.387247246,13.97989706,14.10326222,8.751574971,19.26692214,14.53392565,12.54726395,12.76480914,9.138939838,12.0412814,15.18782609,12.0427777,12.76480914,11.84
,,9.766136803,12.45242269,9.662636645,10.0410462,9.448308754,9.013209883,15.05771277,10.53305052,13.51447795,9.508374523,10.0981657,6.581257118,17.62477649,13.14905594,12.20132812,11.44855585,12.56141987,2.768664046,9.574339132,12.20132812,13.9
,,10.63262876,13.11300727,10.13249926,12.06245398,13.80566591,11.39007541,11.58960175,11.19802984,9.964423587,8.012547892,17.45461089,15.61097247,20.98203593,18.99772842,14.59267149,11.95043209,12.55702033,12.46235779,11.52352306,14.59267149,12.24
,,8.518306616,11.8413643,8.440561147,12.09282861,10.11411859,7.769167611,13.69750923,7.90303587,12.29949582,6.341458316,11.11606627,10.58951503,16.33810266,19.96096188,10.16488211,12.65677257,10.71526321,19.00761369,10.80741129,10.16488211,11.52
,,7.986247069,7.817496474,10.56182352,12.74639107,10.41135099,11.21013287,9.918213792,6.288285423,10.76361012,6.308947203,14.0884853,5.324978406,13.60043454,13.74189055,12.76636251,11.82624835,14.62272784,18.11578422,11.47622049,12.76636251,11.11
,,7.316427074,7.382759327,6.38783249,10.73414335,13.29899813,8.486743723,10.57723537,9.237572427,14.252762,8.244980351,9.009839094,7.711119132,16.84760094,15.13185165,10.84341187,11.73388909,11.30194324,16.05380158,11.47518812,10.84341187,10.84
,,9.725527624,13.16244347,7.146622426,15.91927364,11.85527425,7.00469507,11.36363636,11.06291532,8.262465971,9.157535345,8.103921808,12.26863613,14.88114329,13.84269666,11.55806447,14.390451,12.12280591,10.6424421,11.76556668,11.55806447,11.24
,,9.984250174,9.871697088,11.5942029,10.11800166,10.07751938,10.6870229,11.36363636,7.518796992,9.489051095,11.75128448,10.30927835,16.77081999,11.06105435,14.99167028,12.40310078,13.95348837,11.64383562,12.35705432,9.149536867,9.149536867,11.21
,,,,,,,,,,,,,,,,,,,,,,
,,,,,,,,,,,,,,,,,,,,,,12.35
,,,,,,,,,,,,,,,,,,,,,,
,,,,,,,,,,,,,,,,,,,,,,
,,,,,,,,,,,,,,,,,,,,,,
,0.5,11.44,,,,,,,,,,,,,,,,,,,,
,1,12.16,,,,,,,,,,,,,,,,,,,,
,1.5,13.79,,,,,,,,,,,,,,,,,,,,
,2,12.48,,,,,,,,,,,,,,,,,,,,
,2.5,15.9,,,,,,,,,,,,,,,,,,,,
,3,12.2,,,,,,,,,,,,,,,,,,,,
,3.5,11.39,,,,,,,,,,,,,,,,,,,,
,4,13.41,,,,,,,,,,,,,,,,,,,,
,4.5,12.78,,,,,,,,,,,,,,,,,,,,
,5,11.27,,,,,,,,,,,,,,,,,,,,
,5.5,11.62,,,,,,,,,,,,,,,,,,,,
,6,11.7,,,,,,,,,,,,,,,,,,,,
,6.5,10.9,,,,,,,,,,,,,,,,,,,,
,7,12.32,,,,,,,,,,,,,,,,,,,,
,7.5,11.46,,,,,,,,,,,,,,,,,,,,
,8,18.9,,,,,,,,,,,,,,,,,,,,
,8.5,12,,,,,,,,,,,,,,,,,,,,
,9,12.01,,,,,,,,,,,,,,,,,,,,
,9.5,11.67,,,,,,,,,,,,,,,,,,,,
,10,12.92,,,,,,,,,,,,,,,,,,,,
,10.5,13.39,,,,,,,,,,,,,,,,,,,,
,11,12.14,,,,,,,,,,,,,,,,,,,,
,11.5,13.21,,,,,,,,,,,,,,,,,,,,
,12,11.61,,,,,,,,,,,,,,,,,,,,
,12.5,11.16,,,,,,,,,,,,,,,,,,,,
,13,10.6,,,,,,,,,,,,,,,,,,,,
,13.5,11,,,,,,,,,,,,,,,,,,,,
,14,15.4,,,,,,,,,,,,,,,,,,,,
,14.5,13.4,,,,,,,,,,,,,,,,,,,,
,15,15.6,,,,,,,,,,,,,,,,,,,,
,15.5,12.21,,,,,,,,,,,,,,,,,,,,
,16,11.59,,,,,,,,,,,,,,,,,,,,
,16.5,12.24,,,,,,,,,,,,,,,,,,,,
,17,11.3,,,,,,,,,,,,,,,,,,,,
,17.5,11.01,,,,,,,,,,,,,,,,,,,,
,18,11.52,,,,,,,,,,,,,,,,,,,,
,18.5,12,,,,,,,,,,,,,,,,,,,,
,19,11.21,,,,,,,,,,,,,,,,,,,,
,19.5,13.3,,,,,,,,,,,,,,,,,,,,
,20,11.32,,,,,,,,,,,,,,,,,,,,
,20.5,11.68,,,,,,,,,,,,,,,,,,,,
,21,11.96,,,,,,,,,,,,,,,,,,,,
,21.5,11.41,,,,,,,,,,,,,,,,,,,,
,22,15.49,,,,,,,,,,,,,,,,,,,,
,22.5,12.5,,,,,,,,,,,,,,,,,,,,
,23,12.11,,,,,,,,,,,,,,,,,,,,
,23.5,11.3,,,,,,,,,,,,,,,,,,,,
,24,12.09,,,,,,,,,,,,,,,,,,,,
,24.5,11.86,,,,,,,,,,,,,,,,,,,,
,25,12,,,,,,,,,,,,,,,,,,,,
,25.5,11.79,,,,,,,,,,,,,,,,,,,,
,26,15.45,,,,,,,,,,,,,,,,,,,,
,26.5,11.84,,,,,,,,,,,,,,,,,,,,
,27,13.9,,,,,,,,,,,,,,,,,,,,
,27.5,12.24,,,,,,,,,,,,,,,,,,,,
,28,11.52,,,,,,,,,,,,,,,,,,,,
,28.5,11.11,,,,,,,,,,,,,,,,,,,,
,29,10.84,,,,,,,,,,,,,,,,,,,,
,29.5,11.24,,,,,,,,,,,,,,,,,,,,
,30,11.21,,,,,,,,,,,,,,,,,,,,
,,,,,,,,,,,,,,,,,,,,,,
,,,,,,,,,,,,,,,,,,,,,,
,,,,,,,,,,,,,,,,,,,,,,
,,,,,,,,,,,,,,,,,,,,,,
,,,,,,,,,,,,,,,,,,,,,,
,,,,,,,,,,,,,,,,,,,,,,
,,,,,,,,,,,,,,,,,,,,,,
,,,,,,,,,,,,,,,,,,,,,,
,,,,,,,,,,,,,,,,,,,,,,
,,,,,,,,,,,,,,,,,,,,,,
,,,,,,,,,,,,,,,,,,,,,,
,,,,,,,,,,,,,,,,,,,,,,
,,,,,,,,,,,,,,,,,,,,,,
,Webxr,one plus,,,,,,,,,,,,,,,,,,,,avg
,1,9.054736442,8.602612056,8.434200643,8.148238684,9.114797346,10.60697041,11.36822082,9.54031471,8.910160183,7.603679819,11.66041646,12.82203007,19.30197353,10.5300477,7.641776838,7.639628271,18.83045789,12.9361029,9.90454636,16.09816181,10.937234
,2,10.6397434,12.17645971,9.614510663,15.02021687,8.523220198,10.35837426,21.43488549,8.889229493,9.041440296,9.048745618,11.86936583,11.18436863,17.83684025,9.216889041,11.92013816,8.521588053,17.91613256,9.628555147,10.01110585,9.553052186,11.62023
,3,12.3479856,10.63929995,14.84025576,11.8615639,8.447588433,9.35837356,17.43379581,8.863091283,8.553297113,8.557631935,11.10876878,11.15450458,18.98419909,10.52843306,11.75617202,10.32602327,7.935411908,10.79772231,9.071785146,7.865929594,11.02153
,4,16.10381056,12.42313612,14.99882007,11.89358892,12.28940174,11.12343282,12.89013221,14.01290299,16.59398526,18.41410996,15.54584991,12.83687534,19.33221406,14.6698088,14.68805687,11.10209812,11.19821521,16.25978763,13.63440924,11.34046482,14.067555
,5,13.30458262,9.358871288,9.984446788,12.16850125,11.47721848,8.473313585,19.89055551,9.358374108,8.48088165,11.70428442,9.35792269,10.53162904,16.99339413,9.358373557,10.58054941,7.715801659,11.46440308,13.441178,11.69797657,9.35837356,11.235034
,6,18.44638955,8.522774765,12.91772685,9.021298502,14.54333327,10.87628424,16.43388182,14.98733935,17.60366735,7.926637261,8.971061839,9.950172285,12.31835087,10.52817109,10.58054921,16.946173,8.817124345,18.57811291,9.314851959,9.903038718,12.59345
,7,8.43262367,10.70436281,17.46321858,12.07369952,10.61546416,9.34534684,18.47999424,9.350881007,14.42003527,9.886569439,9.358234556,14.67264662,11.71802167,10.59410888,10.44783936,11.11126543,9.211560899,15.75786216,9.94824218,14.3745723,11.898324
,8,15.05369947,19.14374133,10.58487974,13.11107342,14.96345037,10.52975961,19.94354355,19.35833158,19.03120639,9.067477518,10.99524238,9.974487038,11.68348882,10.01721157,9.992067885,9.265042547,10.4109063,11.17287023,10.33930244,9.439366676,12.703421
,9,11.85284427,12.26111578,7.462836681,8.437334998,7.370103131,9.358373665,7.603461586,11.47407503,9.061788261,8.264077425,7.882985033,10.52817882,11.86820659,9.989701091,10.02296049,17.77944646,9.992740914,7.6036725,9.545758362,9.358365402,10.60560484
,10,12.51548119,10.18798592,10.70648922,5.721421762,5.723050134,9.993742995,10.41741298,15.05946568,15.77682475,6.977363238,9.304404552,12.78535959,15.5281397,12.61305389,14.5580344,11.64636516,11.24469218,11.55035597,12.76825302,10.36046093,11.43797106
,11,9.511917343,16.06243524,9.618270691,10.70849964,13.6590957,14.68317642,11.60018041,10.23566087,12.91233723,11.95483549,13.98937261,11.46132464,14.66759661,13.21017696,10.21578887,14.13371957,10.11685523,29.80347399,12.56313468,7.712003011,12.940233
,12,13.69867434,16.35145659,10.33256594,17.34356546,19.62023734,10.45435653,16.35743391,13.32106546,11.09879812,17.78192945,18.08697644,17.03880737,17.87664351,11.80446745,10.75015151,12.04138186,14.03563029,16.66798436,11.5258654,8.403454081,14.229543
,13,11.32372612,20.20631061,17.71200301,9.345720995,15.64211725,9.147452427,7.441474529,14.81799137,8.134193934,12.89921183,10.78157064,16.60305442,20.81134998,12.37719296,8.946473111,11.35421669,18.73823431,9.366912066,10.54157409,9.886363866,12.80322
,14,14.05369947,13.60529374,15.40484727,15.55933181,8.52311543,9.33292753,13.48102606,10.52817037,11.07618719,13.80323245,12.63263416,8.424543228,11.54953052,9.616339204,9.403423505,18.51843064,15.92307143,8.209834598,12.28281666,12.61871724,12.227345
,15,11.48217984,15.43388147,18.64150776,10.2117313,9.990235247,8.603678517,8.480964235,14.16846717,17.60367851,9.358416631,17.34664,16.78128972,10.52050505,10.79781639,11.16419628,13.78779399,17.93407235,20.59649217,11.11613591,9.635588516,13.18232
,16,8.52915435,16.44559913,10.80330056,11.90121272,14.5232202,11.43130906,12.04071888,9.072377739,9.071791438,12.27720481,11.09472747,9.261435238,9.358372435,9.35839492,9.40493263,12.03783497,18.18465415,17.91900837,10.3083916,11.45435796,11.72323
,17,9.978924529,13.64182176,8.304860941,15.51258905,10.87473271,8.481089212,8.480962273,9.389859872,12.91894626,12.53766334,11.69915376,10.03937584,12.45345345,10.00785305,14.4318723,13.44135336,12.03121714,14.85321922,15.46046182,18.43435321,12.14813
,18,8.846291036,8.479257829,23.02448326,18.85736134,7.641507763,10.63640914,7.572623831,9.358385124,8.560229674,13.45041843,11.69796695,31.49047433,9.358770742,7.572480506,7.639232293,13.3196405,9.095392931,9.921561991,10.51524733,16.95470852,12.2134412
,19,7.047915922,13.15076826,17.3387013,17.16571767,11.48249497,8.438395063,9.037738457,9.358380284,6.992024883,8.481024645,11.69796692,16.37704142,18.49564603,18.42428817,16.18364092,12.80437579,12.28229725,26.48343749,9.730247502,18.4958618,13.4733
,20,9.358338653,7.603613393,14.02849216,14.02661004,8.523220249,7.603725415,7.603703007,12.86394887,8.481768538,11.11283476,12.57396962,13.4524061,14.11468268,18.74671137,13.49498172,16.56529982,26.00003499,12.28526198,9.35833147,10.52659607,12.416
,21,8.81712408,23.0525331,12.92494482,15.28160359,10.89857567,10.52818592,6.244170123,9.358373559,9.088410764,5.570098418,9.395137853,14.595867,11.16835729,12.28286525,14.93550086,10.47606053,12.04778478,16.07595292,16.16428802,13.44924182,12.1177
,22,11.46574662,16.722705,19.07965029,12.80462397,11.06479534,8.46705039,7.593687758,10.47982427,11.09922588,12.01399814,9.352665194,16.98055436,7.603763365,10.52903488,19.2378036,11.96283897,16.43737219,11.69249923,17.83943512,10.52816995,12.64777
,23,11.15505855,13.87194636,14.95352477,13.9687212,25.22588199,18.64879882,7.592329123,10.53267027,22.21851915,14.34218742,11.31103324,16.37011953,7.928209192,9.066073993,19.29870528,10.53493185,14.9629021,19.53081586,19.22752987,12.8287024,14.678343
,24,11.98180336,11.83682262,6.653516075,9.497260887,11.09722378,7.145600664,20.17489185,11.26651478,13.54797816,12.38684143,11.92643243,11.80470171,9.834427575,10.86704246,20.47144221,9.937650372,16.75473304,12.84446965,12.2820897,10.52817025,12.141809
,25,14.74850294,10.6213758,7.200438592,12.69708216,10.73315176,13.07704593,9.537468734,12.12607491,11.57826157,20.83142071,19.7111095,14.62247717,9.339336426,17.71188346,20.72064888,12.57484376,11.65047251,11.69823167,13.7412851,14.7908486,13.482212
,26,17.76469062,9.946962906,5.339893415,10.28637419,9.321620232,5.896133821,12.31561191,8.186430836,11.18716791,14.03676812,14.91585905,12.2828653,8.481026039,20.45558292,20.76388968,13.70336562,11.13743895,16.94913068,13.43333807,7.89695103,12.215343
,27,9.533605995,9.829167289,6.134346277,14.07835489,6.77749259,9.920384231,12.86272436,18.42428817,16.18364092,14.93059182,12.28199116,16.12052429,9.686283959,15.55962151,17.51872576,8.533805386,11.31751969,6.25762486,10.21444283,10.82940277,11.849343
,28,9.413480673,5.715447228,7.218539036,12.07854252,7.371209289,7.158486489,14.72462463,18.74671137,13.49498172,7.907081869,13.45266187,11.70609154,7.572333494,14.05088478,19.60251544,9.599147699,11.95353251,5.154648005,12.14059684,11.33601488,11.0198343
,29,12.01399814,9.352665194,16.98055436,7.603763365,10.52903488,19.2378036,11.96283897,12.28286525,14.93550086,12.01255599,17.80781678,13.26182259,10.53178798,14.62278414,19.30164547,8.619029223,16.80035202,4.919764525,12.34198382,12.72160523,12.892002
,30,14.34218742,11.31103324,16.37011953,7.928209192,9.066073993,19.29870528,10.53493185,13.45264644,12.0419268,9.358373484,12.28286542,13.48422875,8.48102607,12.91289267,16.49329078,9.449398894,17.04660927,13.45261935,14.62245292,13.90538015,12.791212
,31,12.38684143,11.92643243,11.80470171,9.834427575,10.86704246,20.47144221,9.937650372,12.28275077,15.39185933,7.89029181,11.69876998,7.61480633,9.068441992,15.48340363,19.40571247,8.499954587,15.55347437,18.26262877,14.6274962,14.62248157,12.881
,32,20.83142071,19.7111095,14.62247717,9.339336426,17.71188346,20.72064888,12.57484376,15.50262293,11.75072965,9.021241887,16.75473304,12.84446965,12.2820897,10.52817025,14.48785469,7.611350145,14.16508867,16.01642953,16.37536561,14.90431607,14.387
,33,14.03676812,14.91585905,12.2828653,8.481026039,20.45558292,20.76388968,13.70336562,12.28286511,14.08002612,11.05374407,11.65047251,11.69823167,13.7412851,14.7908486,12.29949242,10.39018902,11.16835131,12.86168111,15.49355407,15.37124884,13.576
,34,14.93059182,12.28199116,16.12052429,9.686283959,15.55962151,17.51872576,8.533805386,7.89595103,15.26354146,8.48105609,9.358353873,20.39540939,14.09777794,12.84385346,16.61333237,9.101559629,15.54519216,13.03504757,12.28921512,14.59459776,12.835
,35,7.907081869,13.45266187,11.70609154,7.572333494,14.05088478,19.60251544,9.599147699,9.352246519,15.98345436,7.603763365,10.52903488,19.2378036,11.96283897,14.8970592,16.13541895,9.386794308,14.95677504,13.63235972,12.5719229,14.07342569,12.634
,36,12.01255599,17.80781678,13.26182259,10.53178798,14.62278414,19.30164547,8.619029223,11.31103324,16.37011953,7.928209192,9.066073993,19.29870528,10.53493185,13.82811751,18.37178521,11.50449036,14.5937181,14.33122832,12.28265422,14.78118983,13.012
,37,9.358373484,12.28286542,13.48422875,8.48102607,12.91289267,16.49329078,9.449398894,11.92643243,11.80470171,9.834427575,10.86354246,20.42444221,9.937340372,14.3457116,12.16100479,17.06558914,12.30712528,12.29699657,14.29883099,13.45266194,12.678
,38,7.89029181,11.69876998,7.61480633,9.068441992,15.48340363,19.40571247,8.499954587,19.7111095,14.62247717,9.339336426,17.71188346,20.72064888,12.57484376,11.08524746,12.74475371,9.666190302,12.73100473,14.3048511,13.41446392,14.83247194,13.569
,39,6.991386064,12.8648478,9.986761274,12.22631751,16.45993732,14.91384142,14.03676812,14.91585905,12.2828653,8.481026039,20.45558292,20.76388968,13.70336562,12.28260796,12.41123154,15.57729589,18.8098653,14.50957266,14.6224617,9.35837359,13.789
,40,7.553560069,10.47705767,11.49681833,9.588524918,12.34214901,14.05290973,14.93059182,12.28199116,16.12052429,9.686283959,15.55962151,17.51872576,8.533805386,14.01252739,13.90266551,12.93149253,18.80986526,14.18525138,16.70459839,10.13143238,13.041
,41,10.79334447,10.45825822,7.13732921,11.93466621,15.46794939,13.43563704,7.907881869,13.45786187,11.70899154,7.572673494,14.05678478,17.60251544,9.599147699,16.225804,12.89099222,19.96558142,18.80986214,15.52768605,14.0253771,13.47577237,13.102
,42,9.997867577,11.07912394,9.111351965,9.019488416,13.52515426,14.00353247,12.01255599,17.80781678,13.26182259,10.53178798,14.62278414,19.30164547,8.619029223,14.18920429,12.50054528,11.53360275,15.87080029,13.8538107,14.91230538,12.18965853,12.8945
,43,5.877263522,12.84229323,7.066310671,9.608274059,13.25113785,12.88222884,9.358373484,12.28226542,13.48422875,8.48102607,12.91289267,16.49329078,9.442398894,11.57400916,15.02240498,14.16731182,15.87304541,12.86006244,11.70592037,9.389343344,11.728
,44,7.347733002,10.52414019,8.534830803,8.340573985,12.91336842,11.10591029,7.89029181,11.69876998,7.61480633,9.068441992,15.48340363,19.40571247,8.499954587,11.40345889,13.51959141,9.68936588,15.55389062,13.452865,14.04968529,9.811612018,11.293
,45,11.42041334,8.564508734,10.63514841,9.501318678,11.33171411,14.96045702,11.29186819,4.980321452,12.30325354,6.974597653,9.872540794,8.175952312,14.24326677,16.25060458,8.925926356,10.12952878,12.57739381,11.52420756,11.47556674,10.44754071,10.779
,46,11.4039551,11.12737761,9.692110091,9.471074676,14.23942995,12.90219399,15.31942153,9.939996643,12.25895802,7.045499857,16.48824522,15.52969629,18.57737594,12.5517794,14.79552924,12.34913466,10.23377839,12.43978715,8.935749238,6.995444234,12.678
,47,10.64909967,7.949303122,10.96106422,10.67743238,13.91183871,10.38667623,12.34510635,11.72038216,9.503882219,8.002961814,14.21577382,7.946207315,18.78992112,12.83671865,9.623752402,11.62974428,11.20350526,10.44754071,10.83871385,12.44092983,11.304
,48,7.942964858,9.442619157,8.605083595,6.917758892,9.543623003,8.777822238,12.84057972,8.956603437,9.575035796,6.425027356,6.727135787,9.718919035,20.78686334,11.84505547,15.35972327,12.10765433,11.26656024,6.995444234,14.57313163,15.35973347,10.688
,49,7.988662362,11.94633243,7.916948237,13.22046824,12.14900799,11.95981011,9.85433125,7.557699801,9.390573263,24.76749221,9.426431305,10.53913713,17.67097139,14.83156132,10.83852132,12.61903214,10.15691812,12.44092929,10.19592244,10.83852382,11.815
,50,10.72066666,11.18872998,7.703255229,11.418554,8.407286492,7.367157834,9.624414198,12.44711856,12.98967662,10.84416375,27.93377091,10.14029659,16.01381215,11.89474753,12.1721241,10.82829009,12.1349136,10.96346099,13.13920517,12.1721241,12.005
,51,9.336583246,11.85172346,11.21797603,8.223920278,10.59356115,14.10269711,14.45299372,6.298070543,12.32477031,9.512458744,16.52841271,11.64272356,18.23260569,11.89987632,11.50785002,9.569542342,12.90109589,11.49273819,12.6508289,11.5078509,11.792
,52,8.011797214,10.1009467,10.35292448,11.41453436,15.32147945,9.296455339,11.10288251,6.241102812,10.35134893,8.849041977,28.93712963,10.56831374,12.05851111,13.99049677,12.70725417,10.80757256,11.94619075,42.06796771,11.49012536,12.70725445,13.416
,53,11.41132342,7.238098046,11.46225171,11.43292517,7.355643308,10.72540293,10.67200078,9.387247246,13.97989706,14.10326222,8.751574971,19.26692214,14.53392565,12.54726395,12.76480914,9.138939838,12.0412814,15.18782609,12.0427777,12.76480914,11.842
,54,9.766132403,12.45242269,9.662236645,10.0423462,9.448323754,9.013209883,15.05771277,10.53305052,13.51423795,9.508373523,10.0923657,7.581257118,16.62477649,13.14905594,12.20131212,11.44855535,12.56141981,2.768664036,9.574339111,12.20132812,10.86
,55,12.4967089,8.317874334,15.20699773,11.05832442,8.523189393,10.03718102,9.353857617,13.44814667,8.192168198,15.29198218,12.6882794,12.0330415,9.894290272,12.62665047,12.0330415,9.894290272,12.62665047,13.45266199,12.38684143,11.92643243,11.574
,56,9.128559326,9.495453097,12.0330415,9.894290272,12.62665047,13.45266199,12.38684143,11.92643243,13.32054755,12.28286742,15.46537299,14.11461079,8.470402824,12.34397427,14.11461079,8.470402824,12.34397427,16.40776565,20.83142071,19.7111095,12.941
,57,8.580876336,8.486309562,14.11461079,8.470402824,12.34397427,16.40776565,20.83142071,19.7111095,8.481033344,13.45252203,14.03755652,9.986761274,12.22631751,16.45993732,9.986761274,12.22631751,16.45993732,14.91384142,14.03676812,14.91585905,13.067
,58,8.810790784,6.142336951,9.986761274,12.22631751,16.45993732,14.91384142,14.03676812,14.91585905,12.56972633,14.62245869,14.62260111,11.49681833,9.588524918,12.34214901,11.49681833,9.588524918,12.34214901,14.05290973,14.93059182,12.28199116,12.371
,59,7.055521321,7.154688771,11.49681833,9.588524918,12.34214901,14.05290973,14.93059182,12.28199116,8.481025865,11.09934084,14.91399357,7.93732921,11.93966621,15.98794939,7.93732921,11.93966621,15.98794939,13.45463704,7.907081869,13.45266187,11.497
,60,11.75616578,8.481023493,7.93732921,11.93966621,15.98794939,13.45463704,7.907081869,13.45266187,11.00754115,10.94846939,13.09694801,16.96215122,16.50239789,10.52826458,10.57316165,8.523175982,7.229761325,12.50447378,10.62326743,9.705153366,11.456
,,,,,,,,,,,,,,,,,,,,,,12.386
,,,,,,,,,,,,,,,,,,,,,,
,,,,,,,,,,,,,,,,,,,,,,
,,,,,,,,,,,,,,,,,,,,,,
,,,,,,,,,,,,,,,,,,,,,,
,,,,,,,,,,,,,,,,,,,,,,
,,,,,,,,,,,,,,,,,,,,,,
,,,,,,,,,,,,,,,,,,,,,,
,,,,,,,,,,,,,,,,,,,,,,
,,,,,,,,,,,,0.5,10.937234,,,,,,,,,
,,,,,,,,,,,,1,11.62023,,,,,,,,,
,,,,,,,,,,,,1.5,11.02153,,,,,,,,,
,,,,,,,,,,,,2,14.067555,,,,,,,,,
,,,,,,,,,,,,2.5,11.235034,,,,,,,,,
,,,,,,,,,,,,3,12.59345,,,,,,,,,
,,,,,,,,,,,,3.5,11.898324,,,,,,,,,
,,,,,,,,,,,,4,12.703421,,,,,,,,,
,,,,,,,,,,,,4.5,13.65,,,,,,,,,
,,,,,,,,,,,,5,12.9,,,,,,,,,
,,,,,,,,,,,,5.5,12.940233,,,,,,,,,
,,,,,,,,,,,,6,14.229543,,,,,,,,,
,,,,,,,,,,,,6.5,12.80322,,,,,,,,,
,,,,,,,,,,,,7,12.227345,,,,,,,,,
,,,,,,,,,,,,7.5,13.18232,,,,,,,,,
,,,,,,,,,,,,8,11.72323,,,,,,,,,
,,,,,,,,,,,,8.5,12.14813,,,,,,,,,
,,,,,,,,,,,,9,12.2134412,,,,,,,,,
,,,,,,,,,,,,9.5,13.4733,,,,,,,,,
,,,,,,,,,,,,10,12.416,,,,,,,,,
,,,,,,,,,,,,10.5,12.1177,,,,,,,,,
,,,,,,,,,,,,11,12.64777,,,,,,,,,
,,,,,,,,,,,,11.5,14.678343,,,,,,,,,
,,,,,,,,,,,,12,12.141809,,,,,,,,,
,,,,,,,,,,,,12.5,13.482212,,,,,,,,,
,,,,,,,,,,,,13,12.215343,,,,,,,,,
,,,,,,,,,,,,13.5,11.849343,,,,,,,,,
,,,,,,,,,,,,14,11.0198343,,,,,,,,,
,,,,,,,,,,,,14.5,12.892002,,,,,,,,,
,,,,,,,,,,,,15,12.791212,,,,,,,,,
,,,,,,,,,,,,15.5,12.881,,,,,,,,,
,,,,,,,,,,,,16,14.387,,,,,,,,,
,,,,,,,,,,,,16.5,13.576,,,,,,,,,
,,,,,,,,,,,,17,12.835,,,,,,,,,
,,,,,,,,,,,,17.5,12.634,,,,,,,,,
,,,,,,,,,,,,18,13.012,,,,,,,,,
,,,,,,,,,,,,18.5,12.678,,,,,,,,,
,,,,,,,,,,,,19,13.569,,,,,,,,,
,,,,,,,,,,,,19.5,13.789,,,,,,,,,
,,,,,,,,,,,,20,13.041,,,,,,,,,
,,,,,,,,,,,,20.5,13.102,,,,,,,,,
,,,,,,,,,,,,21,12.8945,,,,,,,,,
,,,,,,,,,,,,21.5,11.728,,,,,,,,,
,,,,,,,,,,,,22,11.293,,,,,,,,,
,,,,,,,,,,,,22.5,10.779,,,,,,,,,
,,,,,,,,,,,,23,12.678,,,,,,,,,
,,,,,,,,,,,,23.5,11.304,,,,,,,,,
,,,,,,,,,,,,24,10.688,,,,,,,,,
,,,,,,,,,,,,24.5,11.815,,,,,,,,,
,,,,,,,,,,,,25,12.005,,,,,,,,,
,,,,,,,,,,,,25.5,11.792,,,,,,,,,
,,,,,,,,,,,,26,13.416,,,,,,,,,
,,,,,,,,,,,,26.5,11.842,,,,,,,,,
,,,,,,,,,,,,27,10.86,,,,,,,,,
,,,,,,,,,,,,27.5,11.574,,,,,,,,,
,,,,,,,,,,,,28,12.941,,,,,,,,,
,,,,,,,,,,,,28.5,13.067,,,,,,,,,
,,,,,,,,,,,,29,12.371,,,,,,,,,
,,,,,,,,,,,,29.5,11.497,,,,,,,,,
,,,,,,,,,,,,30,11.456,,,,,,,,,
,,,,,,,,,,,,,,,,,,,,,,
,,,,,,,,,,,,,,,,,,,,,,
,,,,,,,,,,,,,,,,,,,,,,
,,,,,,,,,,,,,,,,,,,,,,
,,,,,,,,,,,,,,,,,,,,,,
,,,,,,,,,,,,,,,,,,,,,,
,,,,,,,,,,,,,,,,,,,,,,
,WebXR,Device 1 Model 2,,,,,,,,,,,,,,,,,,,,
,,CPU Load %,,,,,,,,,,,,,,,,,,,,
,,Mean %,,,,,,,,,,,,,,,,,,,,
,0.5,10.377,,,,,,,,,,,,,,,,,,,,
,1,11.221,,,,,,,,,,,,,,,,,,,,
,1.5,9.616,,,,,,,,,,,,,,,,,,,,
,2,9.1,,,,,,,,,,,,,,,,,,,,
,2.5,9.92,,,,,,,,,,,,,,,,,,,,
,3,10.547,,,,,,,,,,,,,,,,,,,,
,3.5,12.862,,,,,,,,,,,,,,,,,,,,
,4,11.371,,,,,,,,,,,,,,,,,,,,
,4.5,13.582,,,,,,,,,,,,,,,,,,,,
,5,13.019,,,,,,,,,,,,,,,,,,,,
,5.5,13.241,,,,,,,,,,,,,,,,,,,,
,6,12.066,,,,,,,,,,,,,,,,,,,,
,6.5,10.079,,,,,,,,,,,,,,,,,,,,
,7,12.087,,,,,,,,,,,,,,,,,,,,
,7.5,11.98,,,,,,,,,,,,,,,,,,,,
,8,9.8,,,,,,,,,,,,,,,,,,,,
,8.5,12.15,,,,,,,,,,,,,,,,,,,,
,9,12.93,,,,,,,,,,,,,,,,,,,,
,9.5,12.47,,,,,,,,,,,,,,,,,,,,
,10,10.918,,,,,,,,,,,,,,,,,,,,
,10.5,11.481,,,,,,,,,,,,,,,,,,,,
,11,12.252,,,,,,,,,,,,,,,,,,,,
,11.5,11.24,,,,,,,,,,,,,,,,,,,,
,12,12.9,,,,,,,,,,,,,,,,,,,,
,12.5,11.77,,,,,,,,,,,,,,,,,,,,
,13,14.9,,,,,,,,,,,,,,,,,,,,
,13.5,12.7,,,,,,,,,,,,,,,,,,,,
,14,11.95,,,,,,,,,,,,,,,,,,,,
,14.5,11.78,,,,,,,,,,,,,,,,,,,,
,15,14.8,,,,,,,,,,,,,,,,,,,,
,15.5,12.3,,,,,,,,,,,,,,,,,,,,
,16,12.62,,,,,,,,,,,,,,,,,,,,
,16.5,11.12,,,,,,,,,,,,,,,,,,,,
,17,12.53,,,,,,,,,,,,,,,,,,,,
,17.5,13.7,,,,,,,,,,,,,,,,,,,,
,18,12.02,,,,,,,,,,,,,,,,,,,,
,18.5,13.59,,,,,,,,,,,,,,,,,,,,
,19,11.6,,,,,,,,,,,,,,,,,,,,
,19.5,10.11,,,,,,,,,,,,,,,,,,,,
,20,11,,,,,,,,,,,,,,,,,,,,
,20.5,13.62,,,,,,,,,,,,,,,,,,,,
,21,12.36,,,,,,,,,,,,,,,,,,,,
,21.5,10.89,,,,,,,,,,,,,,,,,,,,
,22,10.38,,,,,,,,,,,,,,,,,,,,
,22.5,9.9,,,,,,,,,,,,,,,,,,,,
,23,11.69,,,,,,,,,,,,,,,,,,,,
,23.5,11.8,,,,,,,,,,,,,,,,,,,,
,24,11.19,,,,,,,,,,,,,,,,,,,,
,24.5,11.35,,,,,,,,,,,,,,,,,,,,
,25,11.5,,,,,,,,,,,,,,,,,,,,
,25.5,12.74,,,,,,,,,,,,,,,,,,,,
,26,13.069,,,,,,,,,,,,,,,,,,,,
,26.5,11.341,,,,,,,,,,,,,,,,,,,,
,27,13.08,,,,,,,,,,,,,,,,,,,,
,27.5,11.09,,,,,,,,,,,,,,,,,,,,
,28,11.08,,,,,,,,,,,,,,,,,,,,
,28.5,12.06,,,,,,,,,,,,,,,,,,,,
,29,13.55,,,,,,,,,,,,,,,,,,,,
,29.5,10.79,,,,,,,,,,,,,,,,,,,,
,30,10.08,,,,,,,,,,,,,,,,,,,,
,Avg,11.82,,,,,,,,,,,,,,,,,,,,
,,,,,,,,,,,,,,,,,,,,,,
,,,,,,,,,,,,,,,,,,,,,,
,,,,,,,,,,,,,,,,,,,,,,
,,,,,,,,,,,,,,,,,,,,,,
,,,,,,,,,,,,,,,,,,,,,,
,,,,,,,,,,,,,,,,,,,,,,
,WebXR,Device 2 Model 2,,,,,,,,,,,,,,,,,,,,
,Time in Seconds,CPU load %,,,,,,,,,,,,,,,,,,,,
,0.5,11.205,,,,,,,,,,,,,,,,,,,,
,1,8.7453,,,,,,,,,,,,,,,,,,,,
,1.5,9.5123,,,,,,,,,,,,,,,,,,,,
,2,11.93,,,,,,,,,,,,,,,,,,,,
,2.5,10.0715,,,,,,,,,,,,,,,,,,,,
,3,10.18,,,,,,,,,,,,,,,,,,,,
,3.5,11.43,,,,,,,,,,,,,,,,,,,,
,4,10.11,,,,,,,,,,,,,,,,,,,,
,4.5,11.02,,,,,,,,,,,,,,,,,,,,
,5,13.26,,,,,,,,,,,,,,,,,,,,
,5.5,11.02,,,,,,,,,,,,,,,,,,,,
,6,11.95,,,,,,,,,,,,,,,,,,,,
,6.5,11.15,,,,,,,,,,,,,,,,,,,,
,7,9.58,,,,,,,,,,,,,,,,,,,,
,7.5,11.47,,,,,,,,,,,,,,,,,,,,
,8,9.88,,,,,,,,,,,,,,,,,,,,
,8.5,9.62,,,,,,,,,,,,,,,,,,,,
,9,8.49,,,,,,,,,,,,,,,,,,,,
,9.5,10.42,,,,,,,,,,,,,,,,,,,,
,10,10.57,,,,,,,,,,,,,,,,,,,,
,10.5,8.569,,,,,,,,,,,,,,,,,,,,
,11,10.38,,,,,,,,,,,,,,,,,,,,
,11.5,9.7,,,,,,,,,,,,,,,,,,,,
,12,9.1,,,,,,,,,,,,,,,,,,,,
,12.5,9.302,,,,,,,,,,,,,,,,,,,,
,13,9.577,,,,,,,,,,,,,,,,,,,,
,13.5,10.15,,,,,,,,,,,,,,,,,,,,
,14,10.67,,,,,,,,,,,,,,,,,,,,
,14.5,10.13,,,,,,,,,,,,,,,,,,,,
,15,9.86,,,,,,,,,,,,,,,,,,,,
,15.5,10.65,,,,,,,,,,,,,,,,,,,,
,16,9.27,,,,,,,,,,,,,,,,,,,,
,16.5,9.57,,,,,,,,,,,,,,,,,,,,
,17,12.11,,,,,,,,,,,,,,,,,,,,
,17.5,10.59,,,,,,,,,,,,,,,,,,,,
,18,10.54,,,,,,,,,,,,,,,,,,,,
,18.5,10.71,,,,,,,,,,,,,,,,,,,,
,19,11.121,,,,,,,,,,,,,,,,,,,,
,19.5,10.4,,,,,,,,,,,,,,,,,,,,
,20,9.39,,,,,,,,,,,,,,,,,,,,
,20.5,9.61,,,,,,,,,,,,,,,,,,,,
,21,10.44,,,,,,,,,,,,,,,,,,,,
,21.5,10.25,,,,,,,,,,,,,,,,,,,,
,22,9.17,,,,,,,,,,,,,,,,,,,,
,22.5,10.77,,,,,,,,,,,,,,,,,,,,
,23,9.94,,,,,,,,,,,,,,,,,,,,
,23.5,9.28,,,,,,,,,,,,,,,,,,,,
,24,9.05,,,,,,,,,,,,,,,,,,,,
,24.5,10.22,,,,,,,,,,,,,,,,,,,,
,25,10.59,,,,,,,,,,,,,,,,,,,,
,25.5,9.49,,,,,,,,,,,,,,,,,,,,
,26,9.45,,,,,,,,,,,,,,,,,,,,
,26.5,9.64,,,,,,,,,,,,,,,,,,,,
,27,10.2,,,,,,,,,,,,,,,,,,,,
,27.5,9.88,,,,,,,,,,,,,,,,,,,,
,28,9.46,,,,,,,,,,,,,,,,,,,,
,28.5,9.84,,,,,,,,,,,,,,,,,,,,
,29,11.46,,,,,,,,,,,,,,,,,,,,
,29.5,9.92,,,,,,,,,,,,,,,,,,,,
,30,9.54,,,,,,,,,,,,,,,,,,,,
,Avg:,10.19,,,,,,,,,,,,,,,,,,,,
,,,,,,,,,,,,,,,,,,,,,,
,,,,,,,,,,,,,,,,,,,,,,
,,,,,,,,,,,,,,,,,,,,,,
,,,,,,,,,,,,,,,,,,,,,,
,,,,,,,,,,,,,,,,,,,,,,
,,,,,,,,,,,,,,,,,,,,,,
,,Time in Seconds,CPU load %,,,,,,,,,,,,,,,,,,,
,,0.5,8.35,,,,,,,,,,,,,,,,,,,
,,1,8.71,,,,,,,,,,,,,,,,,,,
,,1.5,8.78,,,,,,,,,,,,,,,,,,,
,,2,10.99,,,,,,,,,,,,,,,,,,,
,,2.5,9.96,,,,,,,,,,,,,,,,,,,
,,3,8.77,,,,,,,,,,,,,,,,,,,
,,3.5,9.21,,,,,,,,,,,,,,,,,,,
,,4,9.05,,,,,,,,,,,,,,,,,,,
,,4.5,9.77,,,,,,,,,,,,,,,,,,,
,,5,9.02,,,,,,,,,,,,,,,,,,,
,,5.5,9.98,,,,,,,,,,,,,,,,,,,
,,6,9.7,,,,,,,,,,,,,,,,,,,
,,6.5,9.04,,,,,,,,,,,,,,,,,,,
,,7,9.27,,,,,,,,,,,,,,,,,,,
,,7.5,9.36,,,,,,,,,,,,,,,,,,,
,,8,8.98,,,,,,,,,,,,,,,,,,,
,,8.5,9.7,,,,,,,,,,,,,,,,,,,
,,9,9.8,,,,,,,,,,,,,,,,,,,
,,9.5,8.71,,,,,,,,,,,,,,,,,,,
,,10,9.3,,,,,,,,,,,,,,,,,,,
,,10.5,8.9,,,,,,,,,,,,,,,,,,,
,,11,9.35,,,,,,,,,,,,,,,,,,,
,,11.5,8.36,,,,,,,,,,,,,,,,,,,
,,12,10.2,,,,,,,,,,,,,,,,,,,
,,12.5,9.16,,,,,,,,,,,,,,,,,,,
,,13,10.08,,,,,,,,,,,,,,,,,,,
,,13.5,10.96,,,,,,,,,,,,,,,,,,,
,,14,10.53,,,,,,,,,,,,,,,,,,,
,,14.5,10.93,,,,,,,,,,,,,,,,,,,
,,15,11.53,,,,,,,,,,,,,,,,,,,
,,15.5,11.52,,,,,,,,,,,,,,,,,,,
,,16,10.3,,,,,,,,,,,,,,,,,,,
,,16.5,10.95,,,,,,,,,,,,,,,,,,,
,,17,9.49,,,,,,,,,,,,,,,,,,,
,,17.5,12.32,,,,,,,,,,,,,,,,,,,
,,18,10.69,,,,,,,,,,,,,,,,,,,
,,18.5,11.32,,,,,,,,,,,,,,,,,,,
,,19,10.25,,,,,,,,,,,,,,,,,,,
,,19.5,10.26,,,,,,,,,,,,,,,,,,,
,,20,10.19,,,,,,,,,,,,,,,,,,,
,,20.5,10.36,,,,,,,,,,,,,,,,,,,
,,21,10.36,,,,,,,,,,,,,,,,,,,
,,21.5,9.91,,,,,,,,,,,,,,,,,,,
,,22,9.57,,,,,,,,,,,,,,,,,,,
,,22.5,9.67,,,,,,,,,,,,,,,,,,,
,,23,9.75,,,,,,,,,,,,,,,,,,,
,,23.5,10.39,,,,,,,,,,,,,,,,,,,
,,24,9.96,,,,,,,,,,,,,,,,,,,
,,24.5,9.59,,,,,,,,,,,,,,,,,,,
,,25,9.76,,,,,,,,,,,,,,,,,,,
,,25.5,10.03,,,,,,,,,,,,,,,,,,,
,,26,10.41,,,,,,,,,,,,,,,,,,,
,,26.5,10.525,,,,,,,,,,,,,,,,,,,
,,27,10.16,,,,,,,,,,,,,,,,,,,
,,27.5,9.6,,,,,,,,,,,,,,,,,,,
,,28,9.5,,,,,,,,,,,,,,,,,,,
,,28.5,9.45,,,,,,,,,,,,,,,,,,,
,,29,9.24,,,,,,,,,,,,,,,,,,,
,,29.5,8.78,,,,,,,,,,,,,,,,,,,
,,30,9.166,,,,,,,,,,,,,,,,,,,
,,AVG,9.832,,,,,,,,,,,,,,,,,,,
,,,,,,,,,,,,,,,,,,,,,,
,,,,,,,,,,,,,,,,,,,,,,
,,,,,,,,,,,,,,,,,,,,,,
,,,,,,,,,,,,,,,,,,,,,,
,,,,,,,,,,,,,,,,,,,,,,
,,Time in Seconds,CPU load %,,,,,,,,,,,,,,,,,,,
,,0.5,12.31,,,,,,,,,,,,,,,,,,,
,,1,11.12,,,,,,,,,,,,,,,,,,,
,,1.5,14.12,,,,,,,,,,,,,,,,,,,
,,2,12.15,,,,,,,,,,,,,,,,,,,
,,2.5,11.02,,,,,,,,,,,,,,,,,,,
,,3,10.89,,,,,,,,,,,,,,,,,,,
,,3.5,12.36,,,,,,,,,,,,,,,,,,,
,,4,12.98,,,,,,,,,,,,,,,,,,,
,,4.5,11.78,,,,,,,,,,,,,,,,,,,
,,5,12.7,,,,,,,,,,,,,,,,,,,
,,5.5,12.55,,,,,,,,,,,,,,,,,,,
,,6,12.6,,,,,,,,,,,,,,,,,,,
,,6.5,12.32,,,,,,,,,,,,,,,,,,,
,,7,13.34,,,,,,,,,,,,,,,,,,,
,,7.5,12.63,,,,,,,,,,,,,,,,,,,
,,8,11.68,,,,,,,,,,,,,,,,,,,
,,8.5,13.08,,,,,,,,,,,,,,,,,,,
,,9,10.53,,,,,,,,,,,,,,,,,,,
,,9.5,13.56,,,,,,,,,,,,,,,,,,,
,,10,11.1,,,,,,,,,,,,,,,,,,,
,,10.5,13.38,,,,,,,,,,,,,,,,,,,
,,11,10.63,,,,,,,,,,,,,,,,,,,
,,11.5,14.71,,,,,,,,,,,,,,,,,,,
,,12,10.42,,,,,,,,,,,,,,,,,,,
,,12.5,14.8,,,,,,,,,,,,,,,,,,,
,,13,13.62,,,,,,,,,,,,,,,,,,,
,,13.5,11.51,,,,,,,,,,,,,,,,,,,
,,14,13,,,,,,,,,,,,,,,,,,,
,,14.5,12.22,,,,,,,,,,,,,,,,,,,
,,15,14.71,,,,,,,,,,,,,,,,,,,
,,15.5,10.74,,,,,,,,,,,,,,,,,,,
,,16,14.42,,,,,,,,,,,,,,,,,,,
,,16.5,11.92,,,,,,,,,,,,,,,,,,,
,,17,13.5,,,,,,,,,,,,,,,,,,,
,,17.5,11.92,,,,,,,,,,,,,,,,,,,
,,18,12.66,,,,,,,,,,,,,,,,,,,
,,18.5,13.44,,,,,,,,,,,,,,,,,,,
,,19,13.14,,,,,,,,,,,,,,,,,,,
,,19.5,12.11,,,,,,,,,,,,,,,,,,,
,,20,11.09,,,,,,,,,,,,,,,,,,,
,,20.5,10.71,,,,,,,,,,,,,,,,,,,
,,21,14.34,,,,,,,,,,,,,,,,,,,
,,21.5,12.44,,,,,,,,,,,,,,,,,,,
,,22,11.26,,,,,,,,,,,,,,,,,,,
,,22.5,14.61,,,,,,,,,,,,,,,,,,,
,,23,11.711,,,,,,,,,,,,,,,,,,,
,,23.5,13.8,,,,,,,,,,,,,,,,,,,
,,24,12.4,,,,,,,,,,,,,,,,,,,
,,24.5,14.56,,,,,,,,,,,,,,,,,,,
,,25,14.09,,,,,,,,,,,,,,,,,,,
,,25.5,12.24,,,,,,,,,,,,,,,,,,,
,,26,16.14,,,,,,,,,,,,,,,,,,,
,,26.5,13.83,,,,,,,,,,,,,,,,,,,
,,27,16.37,,,,,,,,,,,,,,,,,,,
,,27.5,13.81,,,,,,,,,,,,,,,,,,,
,,28,14.82,,,,,,,,,,,,,,,,,,,
,,28.5,11.58,,,,,,,,,,,,,,,,,,,
,,29,14.25,,,,,,,,,,,,,,,,,,,
,,29.5,13.99,,,,,,,,,,,,,,,,,,,
,,30,13.28,,,,,,,,,,,,,,,,,,,
,,,,,,,,,,,,,,,,,,,,,,
,,,,,,,,,,,,,,,,,,,,,,
,,,,,,,,,,,,,,,,,,,,,,
,,,,,,,,,,,,,,,,,,,,,,
,,,,,,,,,,,,,,,,,,,,,,
,,,,,,,,,,,,,,,,,,,,,,
,,Time in Seconds,CPU load %,,,,,,,,,,,,,,,,,,,
,,0.5,9.5,,,,,,,,,,,,,,,,,,,
,,1,9.3,,,,,,,,,,,,,,,,,,,
,,1.5,10,,,,,,,,,,,,,,,,,,,
,,2,10.2,,,,,,,,,,,,,,,,,,,
,,2.5,10.4,,,,,,,,,,,,,,,,,,,
,,3,9.6,,,,,,,,,,,,,,,,,,,
,,3.5,10.1,,,,,,,,,,,,,,,,,,,
,,4,9.8,,,,,,,,,,,,,,,,,,,
,,4.5,9.2,,,,,,,,,,,,,,,,,,,
,,5,10.5,,,,,,,,,,,,,,,,,,,
,,5.5,9.4,,,,,,,,,,,,,,,,,,,
,,6,10.3,,,,,,,,,,,,,,,,,,,
,,6.5,9.9,,,,,,,,,,,,,,,,,,,
,,7,9.7,,,,,,,,,,,,,,,,,,,
,,7.5,9.1,,,,,,,,,,,,,,,,,,,
,,8,10.2,,,,,,,,,,,,,,,,,,,
,,8.5,9.6,,,,,,,,,,,,,,,,,,,
,,9,9.3,,,,,,,,,,,,,,,,,,,
,,9.5,9.7,,,,,,,,,,,,,,,,,,,
,,10,10.4,,,,,,,,,,,,,,,,,,,
,,10.5,10,,,,,,,,,,,,,,,,,,,
,,11,9.3,,,,,,,,,,,,,,,,,,,
,,11.5,9.9,,,,,,,,,,,,,,,,,,,
,,12,9.5,,,,,,,,,,,,,,,,,,,
,,12.5,9.8,,,,,,,,,,,,,,,,,,,
,,13,10.1,,,,,,,,,,,,,,,,,,,
,,13.5,10.3,,,,,,,,,,,,,,,,,,,
,,14,10.3,,,,,,,,,,,,,,,,,,,
,,14.5,9.3,,,,,,,,,,,,,,,,,,,
,,15,10.1,,,,,,,,,,,,,,,,,,,
,,15.5,9.7,,,,,,,,,,,,,,,,,,,
,,16,8.8,,,,,,,,,,,,,,,,,,,
,,16.5,10.6,,,,,,,,,,,,,,,,,,,
,,17,8.4,,,,,,,,,,,,,,,,,,,
,,17.5,9.2,,,,,,,,,,,,,,,,,,,
,,18,10.5,,,,,,,,,,,,,,,,,,,
,,18.5,9.6,,,,,,,,,,,,,,,,,,,
,,19,9,,,,,,,,,,,,,,,,,,,
,,19.5,10.4,,,,,,,,,,,,,,,,,,,
,,20,8.6,,,,,,,,,,,,,,,,,,,
,,20.5,9.5,,,,,,,,,,,,,,,,,,,
,,21,10.2,,,,,,,,,,,,,,,,,,,
,,21.5,9.1,,,,,,,,,,,,,,,,,,,
,,22,9.8,,,,,,,,,,,,,,,,,,,
,,22.5,10,,,,,,,,,,,,,,,,,,,
,,23,8.7,,,,,,,,,,,,,,,,,,,
,,23.5,10.7,,,,,,,,,,,,,,,,,,,
,,24,8.2,,,,,,,,,,,,,,,,,,,
,,24.5,9.9,,,,,,,,,,,,,,,,,,,
,,25,10.3,,,,,,,,,,,,,,,,,,,
,,25.5,9.3,,,,,,,,,,,,,,,,,,,
,,26,10.1,,,,,,,,,,,,,,,,,,,
,,26.5,9.7,,,,,,,,,,,,,,,,,,,
,,27,8.8,,,,,,,,,,,,,,,,,,,
,,27.5,10.6,,,,,,,,,,,,,,,,,,,
,,28,8.4,,,,,,,,,,,,,,,,,,,
,,28.5,9.2,,,,,,,,,,,,,,,,,,,
,,29,10.5,,,,,,,,,,,,,,,,,,,
,,29.5,9.6,,,,,,,,,,,,,,,,,,,
,,30,9,,,,,,,,,,,,,,,,,,,
,,Avg,9.68,,,,,,,,,,,,,,,,,,,
,,,,,,,,,,,,,,,,,,,,,,
,,,,,,,,,,,,,,,,,,,,,,
,,,,,,,,,,,,,,,,,,,,,,
,,,,,,,,,,,,,,,,,,,,,,
,,,,,,,,,,,,,,,,,,,,,,
,,,,,,,,,,,,,,,,,,,,,,
,,,,,,,,,,,,,,,,,,,,,,
,,,,,,,,,,,,,,,,,,,,,,
,,,,,,,,,,,,,,,,,,,,,,
,,,,,,,,,,,,,,,,,,,,,,
,,Time in Seconds,CPU load %,,,,,,,,,,,,,,,,,,,
,,0.5,21.16,,,,,,,,,,,,,,,,,,,
,,1,10.06,,,,,,,,,,,,,,,,,,,
,,1.5,10.1,,,,,,,,,,,,,,,,,,,
,,2,10.62,,,,,,,,,,,,,,,,,,,
,,2.5,7.87,,,,,,,,,,,,,,,,,,,
,,3,10.08,,,,,,,,,,,,,,,,,,,
,,3.5,9.19,,,,,,,,,,,,,,,,,,,
,,4,8.03,,,,,,,,,,,,,,,,,,,
,,4.5,9.66,,,,,,,,,,,,,,,,,,,
,,5,10.88,,,,,,,,,,,,,,,,,,,
,,5.5,8.79,,,,,,,,,,,,,,,,,,,
,,6,9.57,,,,,,,,,,,,,,,,,,,
,,6.5,8,,,,,,,,,,,,,,,,,,,
,,7,8.51,,,,,,,,,,,,,,,,,,,
,,7.5,8.52,,,,,,,,,,,,,,,,,,,
,,8,7.72,,,,,,,,,,,,,,,,,,,
,,8.5,8.45,,,,,,,,,,,,,,,,,,,
,,9,10.66,,,,,,,,,,,,,,,,,,,
,,9.5,9.97,,,,,,,,,,,,,,,,,,,
,,10,8.14,,,,,,,,,,,,,,,,,,,
,,10.5,9.64,,,,,,,,,,,,,,,,,,,
,,11,9.8,,,,,,,,,,,,,,,,,,,
,,11.5,9.68,,,,,,,,,,,,,,,,,,,
,,12,8.9,,,,,,,,,,,,,,,,,,,
,,12.5,9.02,,,,,,,,,,,,,,,,,,,
,,13,8.68,,,,,,,,,,,,,,,,,,,
,,13.5,8.194,,,,,,,,,,,,,,,,,,,
,,14,9.34,,,,,,,,,,,,,,,,,,,
,,14.5,11.36,,,,,,,,,,,,,,,,,,,
,,15,8.83,,,,,,,,,,,,,,,,,,,
,,15.5,9.56,,,,,,,,,,,,,,,,,,,
,,16,9.02,,,,,,,,,,,,,,,,,,,
,,16.5,9.64,,,,,,,,,,,,,,,,,,,
,,17,9.39,,,,,,,,,,,,,,,,,,,
,,17.5,8.8,,,,,,,,,,,,,,,,,,,
,,18,7.96,,,,,,,,,,,,,,,,,,,
,,18.5,9.16,,,,,,,,,,,,,,,,,,,
,,19,8.14,,,,,,,,,,,,,,,,,,,
,,19.5,9.03,,,,,,,,,,,,,,,,,,,
,,20,9.94,,,,,,,,,,,,,,,,,,,
,,20.5,10.48,,,,,,,,,,,,,,,,,,,
,,21,9.35,,,,,,,,,,,,,,,,,,,
,,21.5,11.3,,,,,,,,,,,,,,,,,,,
,,22,9.03,,,,,,,,,,,,,,,,,,,
,,22.5,9.24,,,,,,,,,,,,,,,,,,,
,,23,11.09,,,,,,,,,,,,,,,,,,,
,,23.5,8.74,,,,,,,,,,,,,,,,,,,
,,24,10.17,,,,,,,,,,,,,,,,,,,
,,24.5,10.06,,,,,,,,,,,,,,,,,,,
,,25,9.73,,,,,,,,,,,,,,,,,,,
,,25.5,10.23,,,,,,,,,,,,,,,,,,,
,,26,8.46,,,,,,,,,,,,,,,,,,,
,,26.5,10.27,,,,,,,,,,,,,,,,,,,
,,27,9.98,,,,,,,,,,,,,,,,,,,
,,27.5,9.211,,,,,,,,,,,,,,,,,,,
,,28,8.77,,,,,,,,,,,,,,,,,,,
,,28.5,9.38,,,,,,,,,,,,,,,,,,,
,,29,9.46,,,,,,,,,,,,,,,,,,,
,,29.5,10.53,,,,,,,,,,,,,,,,,,,
,,30,14.45,,,,,,,,,,,,,,,,,,,
,,Avg,9.66,,,,,,,,,,,,,,,,,,,